iteration,reward_mean,total_episodes,ep_len
4,864.0,1,4912.0
6,650.0,2,3479.0
7,411.6666666666667,3,2524.0
10,405.75,4,2597.0
12,318.8,5,2514.4
15,334.1666666666667,6,2559.0
18,424.14285714285717,7,2671.4285714285716
20,418.75,8,2577.125
23,397.0,9,2597.777777777778
25,385.7,10,2568.2
29,319.75,12,2473.0833333333335
31,276.53846153846155,13,2461.5384615384614
